תאריך,כיוון,מקור,תיאור,אסמכתא,חובה,זכות,סכום,יתרה,עמוד
27/12/2016,יוצאת,00700,הע. אינטרנט י,22556,650.00,,650.00,88842.04,1
09/01/2017,יוצאת,00700,הע. אינטרנט י,55505,52.00,,52.00,86601.98,1
26/01/2017,יוצאת,00700,הע. אינטרנט י,2662,365.00,,365.00,86236.98,1
16/02/2017,יוצאת,00700,הע. אינטרנט י,6073,310.00,,310.00,88684.47,2
01/03/2017,יוצאת,00700,הע. אינטרנט י,8711,2200.00,,2200.00,101947.06,2
02/03/2017,נכנסת,,מב.דיסקונט ס-י,99011,,1000.00,1000.00,97008.60,2
09/03/2017,יוצאת,00700,הע. אינטרנט י,107411,60000.00,,60000.00,33005.53,2
20/03/2017,יוצאת,00700,הע. אינטרנט י,43707,20000.00,,20000.00,12560.53,2
23/03/2017,נכנסת,,העברה ברשימה,5280,,2000.00,2000.00,15348.53,2
20/04/2017,יוצאת,00700,הע. אינטרנט י,7437,400.00,,400.00,35180.49,2
09/05/2017,יוצאת,00700,הע. אינטרנט י,12547,400.00,,400.00,27302.86,3
04/06/2017,יוצאת,00700,הע. אינטרנט י,2000,6000.00,,6000.00,12302.20,3
12/06/2017,נכנסת,,העברת משכורת י,99052,,2522.00,2522.00,13621.73,3
12/06/2017,יוצאת,00700,הע. אינטרנט י,31971,6000.00,,6000.00,7621.73,3
14/06/2017,נכנסת,,מב. הפועלים-י,99012,,25000.00,25000.00,32621.73,3
25/06/2017,יוצאת,00700,הע. אינטרנט י,49067,50.00,,50.00,31187.73,3
25/06/2017,יוצאת,00700,הע. אינטרנט י,49280,50.00,,50.00,31137.73,3
11/07/2017,יוצאת,00700,הע. אינטרנט י,19029,400.00,,400.00,18147.10,4
11/07/2017,יוצאת,00700,הע. אינטרנט י,46592,100.00,,100.00,18047.10,4
12/07/2017,,,ETH 0.005,,,,3.62,,
12/07/2017,,,ETH 6.614,,,,4728.48,,
12/07/2017,,,ETH 7.033,,,,5027.28,,
13/07/2017,נכנסת,,העברת משכורת י,99052,,3570.00,3570.00,21617.10,4
21/07/2017,יוצאת,00700,הע. אינטרנט י,14000,399.00,,399.00,24426.10,4
26/07/2017,יוצאת,00700,הע. אינטרנט י,16337,18000.00,,18000.00,9627.10,4
09/08/2017,נכנסת,,העברת משכורת י,99052,,1696.00,1696.00,3122.75,4
09/08/2017,יוצאת,00700,הע. אינטרנט י,11717,400.00,,400.00,2722.75,4
10/08/2017,נכנסת,,מב. הפועלים-י,99012,,800.00,800.00,3522.75,4
16/08/2017,נכנסת,,מב. הפועלים-י,99012,,2000.00,2000.00,2172.75,4
20/08/2017,,,ETH 0.12421232,,,,132.49,,
20/08/2017,,,ETH 5,,,,5321.79,,
22/08/2017,יוצאת,00700,הע. אינטרנט י,3165,150.00,,150.00,2310.75,4
22/08/2017,יוצאת,00700,הע. אינטרנט י,32128,150.00,,150.00,2160.75,4
24/08/2017,יוצאת,00700,הע. אינטרנט י,26931,100.00,,100.00,2060.75,4
31/08/2017,נכנסת,,מב.דיסקונט ס-י,99011,,800.00,800.00,2860.75,4
01/09/2017,נכנסת,,מב. הפועלים-י,99012,,100.00,100.00,10373.34,4
04/09/2017,,,ETH 3.94414191,,,,4771.42,,
10/09/2017,,,ETH 6.84111,,,,7011.67,,
10/09/2017,נכנסת,,העברת משכורת י,99052,,3546.00,3546.00,2040.72,4
17/09/2017,יוצאת,00700,הע. אינטרנט י,36913,115.00,,115.00,1925.72,4
10/10/2017,נכנסת,,העברת משכורת י,99052,,4662.75,4662.75,8230.69,5
08/11/2017,יוצאת,00700,הע. אינטרנט י,35167,500.00,,500.00,7601.11,5
09/11/2017,נכנסת,,העברת משכורת י,99052,,3696.00,3696.00,11297.11,5
13/11/2017,יוצאת,00700,הע. אינטרנט י,49195,210.00,,210.00,7987.11,5
16/11/2017,,,ETH 0.1641518,,,,187.51,,
16/11/2017,,,BTC 0.0045,,,,118.30,,
02/12/2017,,,ETH 0.043,,,,69.46,,
02/12/2017,,,ETH 0.6,,,,968.18,,
03/12/2017,יוצאת,00700,הע. אינטרנט י,27791,2760.00,,2760.00,5595.23,5
10/12/2017,נכנסת,,העברת משכורת י,99052,,4992.00,4992.00,7487.23,5
10/12/2017,יוצאת,00700,הע. אינטרנט י,135627,2300.00,,2300.00,5187.23,5
12/12/2017,יוצאת,00700,הע. אינטרנט י,38809,3000.00,,3000.00,2007.23,6
14/12/2017,,,ETH 0.791,,,,2071.19,,
14/12/2017,,,BTC 0.0608089,,,,3639.24,,
28/12/2017,יוצאת,00700,הע. אינטרנט י,7117,830.00,,830.00,686.73,6
09/01/2018,נכנסת,,העברת משכורת י,99052,,5611.00,5611.00,-189.28,6
09/02/2018,נכנסת,,העברת משכורת י,99052,,7401.00,7401.00,10595.15,6
13/02/2018,יוצאת,00700,הע. אינטרנט י,43657,870.00,,870.00,9595.75,6
02/10/2020,,,ETH 1.387421347136,,,,1635.95,,
02/10/2020,,,ETH 2.02816317647,,,,2389.59,,
13/06/2021,,,ETH 0.099874,,,,779.43,,
10/10/2021,,,ETH 0.04598891,,,,522.01,,
08/09/2023,,,ETH 0.5,,,,3134.91,,
16/11/2023,,,ETH 0.01994877,,,,149.49,,
20/11/2023,,,ETH 1.0807387,,,,8274.81,,
20/05/2024,,,ETH 0.000000001,,,,0.00,,
26/06/2024,,,ETH 0.000015157,,,,0.19,,
26/06/2024,,,ETH 0.000015157,,,,0.19,,
26/06/2024,,,ETH 0.000015157,,,,0.19,,
26/06/2024,,,ETH 0.000015157,,,,0.19,,
26/06/2024,,,ETH 0.000015157,,,,0.19,,
26/06/2024,,,ETH 0.000015157,,,,0.19,,
29/07/2024,,,ETH 0.000030157,,,,0.38,,
29/07/2024,,,ETH 0.000029736,,,,0.37,,
26/07/2025,,,ETH 0.01941936,,,,244.66,,
