record_type,timestamp_utc,transaction_hash,block_number,event_index,status,from_address,to_address,asset,token_name,token_type,token_reputation,amount,amount_raw,decimals,transaction_fee_eth,transaction_fee_wei,method,token_contract,source_url
native_transaction,2017-07-12T12:08:39.000000Z,0xf6a56f2c2aba482741a09ac0bc6c83d375726b338903a1efd8fb93e052a1ea1a,4011970,,ok,0xc3B0beDE4A1590BAE1EcF930D144D38D6Dd5A2B8,0xDd99152be8F2C02ce69F5710d38C7c8b1E10aA5f,ETH,,native,,0.005,5000000000000000,18,0.000441,441000000000000,,,https://eth.blockscout.com/tx/0xf6a56f2c2aba482741a09ac0bc6c83d375726b338903a1efd8fb93e052a1ea1a
native_transaction,2017-07-12T12:23:50.000000Z,0x307e607c1d2871817073a422bfaa9e13f30bb21f1cd7352508d618d1f38e99bb,4012028,,ok,0xDd99152be8F2C02ce69F5710d38C7c8b1E10aA5f,0xc3B0beDE4A1590BAE1EcF930D144D38D6Dd5A2B8,ETH,,native,,0.003,3000000000000000,18,0.000441,441000000000000,,,https://eth.blockscout.com/tx/0x307e607c1d2871817073a422bfaa9e13f30bb21f1cd7352508d618d1f38e99bb
native_transaction,2017-07-12T13:34:20.000000Z,0x1527657e495d5c6f77336abfe5515ff4bd92aaeb2358d41e94fb1fee383093ea,4012233,,ok,0xC7C13E9e7F9d7a8AF7E547e8aed62c62649B47d4,0xDd99152be8F2C02ce69F5710d38C7c8b1E10aA5f,ETH,,native,,6.614,6614000000000000000,18,0.000462,462000000000000,,,https://eth.blockscout.com/tx/0x1527657e495d5c6f77336abfe5515ff4bd92aaeb2358d41e94fb1fee383093ea
native_transaction,2017-07-12T13:37:07.000000Z,0x64d52dfb50c57e812548f8b8a8ea84105b9644445eb2f6b0e77b10a121b4095f,4012242,,ok,0xc3B0beDE4A1590BAE1EcF930D144D38D6Dd5A2B8,0xDd99152be8F2C02ce69F5710d38C7c8b1E10aA5f,ETH,,native,,7.033,7033000000000000000,18,0.000441,441000000000000,,,https://eth.blockscout.com/tx/0x64d52dfb50c57e812548f8b8a8ea84105b9644445eb2f6b0e77b10a121b4095f
token_transfer,2017-07-22T21:46:04.000000Z,0xa2c94fac01851df07294cb3243281bf891b417bf292ec7c39d106de5e7f60a44,4059477,4,ok,0xC7C13E9e7F9d7a8AF7E547e8aed62c62649B47d4,0xDd99152be8F2C02ce69F5710d38C7c8b1E10aA5f,EOS,EOS,ERC-20,ok,25,25000000000000000000,18,,,0xa9059cbb,0x86Fa049857E0209aa7D9e616F7eb3b3B78ECfdb0,https://eth.blockscout.com/tx/0xa2c94fac01851df07294cb3243281bf891b417bf292ec7c39d106de5e7f60a44
token_transfer,2017-07-22T21:54:40.000000Z,0x9bafe6e91caa1326a78950d54acaf0df09b1b5885bc75bdd334643393390cf64,4059506,9,ok,0xc3B0beDE4A1590BAE1EcF930D144D38D6Dd5A2B8,0xDd99152be8F2C02ce69F5710d38C7c8b1E10aA5f,EOS,EOS,ERC-20,ok,5,5000000000000000000,18,,,0xa9059cbb,0x86Fa049857E0209aa7D9e616F7eb3b3B78ECfdb0,https://eth.blockscout.com/tx/0x9bafe6e91caa1326a78950d54acaf0df09b1b5885bc75bdd334643393390cf64
token_transfer,2017-07-22T21:57:39.000000Z,0x33d83c15612a6e1de2570f081ec41a204c90a428acc96fe2c4db3c6b55310dce,4059517,9,ok,0xc3B0beDE4A1590BAE1EcF930D144D38D6Dd5A2B8,0xDd99152be8F2C02ce69F5710d38C7c8b1E10aA5f,BNT,Bancor Network,ERC-20,ok,5,5000000000000000000,18,,,0xa9059cbb,0x1F573D6Fb3F13d689FF844B4cE37794d79a7FF1C,https://eth.blockscout.com/tx/0x33d83c15612a6e1de2570f081ec41a204c90a428acc96fe2c4db3c6b55310dce
token_transfer,2017-07-23T21:19:49.000000Z,0x10b11af3230d69b937f77ed4eda625a1a687220eafebac60122c2be805b8c789,4064052,16,ok,0xc3B0beDE4A1590BAE1EcF930D144D38D6Dd5A2B8,0xDd99152be8F2C02ce69F5710d38C7c8b1E10aA5f,BNT,Bancor Network,ERC-20,ok,95,95000000000000000000,18,,,0xa9059cbb,0x1F573D6Fb3F13d689FF844B4cE37794d79a7FF1C,https://eth.blockscout.com/tx/0x10b11af3230d69b937f77ed4eda625a1a687220eafebac60122c2be805b8c789
internal_transaction,2017-08-20T14:42:18.000000Z,0xfb2182f8a3c0640505dc213a57663d48e525c66b96e841c8abe62120756e76fc,4182070,2,ok,0x1522900B6daFac587d499a862861C0869Be6E428,0xDd99152be8F2C02ce69F5710d38C7c8b1E10aA5f,ETH,,native,,0.12421232,124212320000000000,18,,,call,,https://eth.blockscout.com/tx/0xfb2182f8a3c0640505dc213a57663d48e525c66b96e841c8abe62120756e76fc
internal_transaction,2017-08-20T15:14:14.000000Z,0xaf8fc667e7482e1d7e8ba63fb977bae0af9663ce9148bd2b945bd0f6a87c0f3d,4182171,2,ok,0x1522900B6daFac587d499a862861C0869Be6E428,0xDd99152be8F2C02ce69F5710d38C7c8b1E10aA5f,ETH,,native,,5,5000000000000000000,18,,,call,,https://eth.blockscout.com/tx/0xaf8fc667e7482e1d7e8ba63fb977bae0af9663ce9148bd2b945bd0f6a87c0f3d
internal_transaction,2017-09-04T07:24:07.000000Z,0x8d8034dd5292afbc2eb87db3007fd21ef75c4e0802ba45671b83543d3c21a993,4236748,2,ok,0x1522900B6daFac587d499a862861C0869Be6E428,0xDd99152be8F2C02ce69F5710d38C7c8b1E10aA5f,ETH,,native,,3.94414191,3944141910000000000,18,,,call,,https://eth.blockscout.com/tx/0x8d8034dd5292afbc2eb87db3007fd21ef75c4e0802ba45671b83543d3c21a993
native_transaction,2017-09-10T08:00:08.000000Z,0x8ce3e0c9685ca2aeeb3806e7e5a2d80278b2c7b9f137651a00b73f029a2df8b1,4258094,,ok,0xDd99152be8F2C02ce69F5710d38C7c8b1E10aA5f,0xC7C13E9e7F9d7a8AF7E547e8aed62c62649B47d4,ETH,,native,,0.001,1000000000000000,18,0.000441,441000000000000,,,https://eth.blockscout.com/tx/0x8ce3e0c9685ca2aeeb3806e7e5a2d80278b2c7b9f137651a00b73f029a2df8b1
internal_transaction,2017-09-10T08:06:21.000000Z,0x1397edd5e9afa5a869406cf1d53d91b70048fe042e0a45db9da884f2409a160b,4258107,2,ok,0x1522900B6daFac587d499a862861C0869Be6E428,0xDd99152be8F2C02ce69F5710d38C7c8b1E10aA5f,ETH,,native,,6.84111,6841110000000000000,18,,,call,,https://eth.blockscout.com/tx/0x1397edd5e9afa5a869406cf1d53d91b70048fe042e0a45db9da884f2409a160b
token_transfer,2017-10-16T06:42:30.000000Z,0x80d1d744825261d8b7cbef4d998513c83994215d95f3dd7c4c7a726242a942b3,4370205,20,ok,0x683797EC3e59923f879D6ffA62Cdc887394ab4cb,0xDd99152be8F2C02ce69F5710d38C7c8b1E10aA5f,WRC,Worldcore,ERC-20,ok,1,1000000,6,,,0xa9059cbb,0x72aDadb447784dd7AB1F472467750fC485e4cb2d,https://eth.blockscout.com/tx/0x80d1d744825261d8b7cbef4d998513c83994215d95f3dd7c4c7a726242a942b3
token_transfer,2017-10-24T00:21:41.000000Z,0xa9f1d4f61a90be26f519440a5e5457c1981a7e4c6a7edf8ed67f1af5c555cf21,4417525,27,ok,0xb59fDfF77a6175DFA4fE7aF4281a52f61611eAa2,0xDd99152be8F2C02ce69F5710d38C7c8b1E10aA5f,XNN,XENON,ERC-20,ok,993.81983493383591176,993819834933835911760,18,,,0xad8733ca,0xab95E915c123fdEd5BDfB6325e35ef5515F1EA69,https://eth.blockscout.com/tx/0xa9f1d4f61a90be26f519440a5e5457c1981a7e4c6a7edf8ed67f1af5c555cf21
token_transfer,2017-10-26T11:45:17.000000Z,0x2fc991cbafafe9234d8ffbfbc1f1feb12fef858ca1058ae73100fad4412ac7db,4432821,128,ok,0x160e529055D084add9634fE1c2059109c8CE044e,0xDd99152be8F2C02ce69F5710d38C7c8b1E10aA5f,JOT,Jury.Online Token,ERC-20,ok,0.5,500000000000000000,18,,,0x14004ef3,0xdb455c71C1bC2de4e80cA451184041Ef32054001,https://eth.blockscout.com/tx/0x2fc991cbafafe9234d8ffbfbc1f1feb12fef858ca1058ae73100fad4412ac7db
token_transfer,2017-11-03T21:20:22.000000Z,0x0a702ce6a4c8bb855b97fe314c41b04068f168ac5945c29a1a5ae2f3261eda4d,4484819,38,ok,0x5586AeC6f58086524753D594cEC08c4318314299,0xDd99152be8F2C02ce69F5710d38C7c8b1E10aA5f,XDATA,Streamr XDATA,ERC-20,ok,3.128864207604489851,3128864207604489851,18,,,0xa645ff5f,0x0Cf0Ee63788A0849fE5297F3407f701E122cC023,https://eth.blockscout.com/tx/0x0a702ce6a4c8bb855b97fe314c41b04068f168ac5945c29a1a5ae2f3261eda4d
native_transaction,2017-11-16T09:11:04.000000Z,0x66031fcf22e5bba9ac3f2f7a6c8974cf2203a0f288f5eebec6af6c4834ecb624,4562544,,ok,0xDd99152be8F2C02ce69F5710d38C7c8b1E10aA5f,0x677878F16c6c7D6fA72510F7fbE355D1eaE276D0,ETH,,native,,0.01,10000000000000000,18,0.000441,441000000000000,,,https://eth.blockscout.com/tx/0x66031fcf22e5bba9ac3f2f7a6c8974cf2203a0f288f5eebec6af6c4834ecb624
native_transaction,2017-11-16T09:14:25.000000Z,0xa689253ed1dd019f65c79b102c8f43197354ef6c6547e4075ca0a541e90e08bb,4562561,,ok,0x677878F16c6c7D6fA72510F7fbE355D1eaE276D0,0xDd99152be8F2C02ce69F5710d38C7c8b1E10aA5f,ETH,,native,,0.005,5000000000000000,18,0.000441,441000000000000,,,https://eth.blockscout.com/tx/0xa689253ed1dd019f65c79b102c8f43197354ef6c6547e4075ca0a541e90e08bb
native_transaction,2017-11-16T09:29:18.000000Z,0xb8a899b9066ed1def7efc74b4cb002edc43c0f49650176081468597b94eef71e,4562630,,ok,0xDd99152be8F2C02ce69F5710d38C7c8b1E10aA5f,0x677878F16c6c7D6fA72510F7fbE355D1eaE276D0,ETH,,native,,5,5000000000000000000,18,0.000546,546000000000000,,,https://eth.blockscout.com/tx/0xb8a899b9066ed1def7efc74b4cb002edc43c0f49650176081468597b94eef71e
native_transaction,2017-11-16T09:32:07.000000Z,0x858b2614727f555fd45c526680924aa3753e2ab66f08b027020cc1c81fc540b7,4562642,,ok,0xDd99152be8F2C02ce69F5710d38C7c8b1E10aA5f,0x677878F16c6c7D6fA72510F7fbE355D1eaE276D0,ETH,,native,,10,10000000000000000000,18,0.000546,546000000000000,,,https://eth.blockscout.com/tx/0x858b2614727f555fd45c526680924aa3753e2ab66f08b027020cc1c81fc540b7
native_transaction,2017-11-16T09:33:58.000000Z,0xad4692d2c3e1baa9f9abb8518110101cb67f4fb95c954d9e105e5a4c7ccebaf3,4562646,,ok,0xDd99152be8F2C02ce69F5710d38C7c8b1E10aA5f,0x677878F16c6c7D6fA72510F7fbE355D1eaE276D0,ETH,,native,,14.54950323,14549503230000000000,18,0.000546,546000000000000,,,https://eth.blockscout.com/tx/0xad4692d2c3e1baa9f9abb8518110101cb67f4fb95c954d9e105e5a4c7ccebaf3
native_transaction,2017-11-16T09:37:43.000000Z,0xe765441d37da886eb7324f5ee2f41b6c7a819e08548d0c67c777f3d3ef78bdb8,4562660,,ok,0x677878F16c6c7D6fA72510F7fbE355D1eaE276D0,0xDd99152be8F2C02ce69F5710d38C7c8b1E10aA5f,ETH,,native,,0.01,10000000000000000,18,0.000546,546000000000000,,,https://eth.blockscout.com/tx/0xe765441d37da886eb7324f5ee2f41b6c7a819e08548d0c67c777f3d3ef78bdb8
native_transaction,2017-11-16T09:38:28.000000Z,0xa990e95e2bf7df31dfd4c22674e90cc382c1a6d5ca6e25f5f063ec0683588c6f,4562663,,ok,0xDd99152be8F2C02ce69F5710d38C7c8b1E10aA5f,0x1F573D6Fb3F13d689FF844B4cE37794d79a7FF1C,ETH,,native,,0,0,18,0.000972608,972608000000000,transfer,,https://eth.blockscout.com/tx/0xa990e95e2bf7df31dfd4c22674e90cc382c1a6d5ca6e25f5f063ec0683588c6f
token_transfer,2017-11-16T09:38:28.000000Z,0xa990e95e2bf7df31dfd4c22674e90cc382c1a6d5ca6e25f5f063ec0683588c6f,4562663,12,ok,0xDd99152be8F2C02ce69F5710d38C7c8b1E10aA5f,0x677878F16c6c7D6fA72510F7fbE355D1eaE276D0,BNT,Bancor Network,ERC-20,ok,100,100000000000000000000,18,,,0xa9059cbb,0x1F573D6Fb3F13d689FF844B4cE37794d79a7FF1C,https://eth.blockscout.com/tx/0xa990e95e2bf7df31dfd4c22674e90cc382c1a6d5ca6e25f5f063ec0683588c6f
native_transaction,2017-11-16T09:39:28.000000Z,0x3e9f6ea81b22c1fb01ed59338269a5d74b074f74cd1cdfce89c1340aafdea49c,4562668,,ok,0x677878F16c6c7D6fA72510F7fbE355D1eaE276D0,0xDd99152be8F2C02ce69F5710d38C7c8b1E10aA5f,ETH,,native,,0.01,10000000000000000,18,0.000546,546000000000000,,,https://eth.blockscout.com/tx/0x3e9f6ea81b22c1fb01ed59338269a5d74b074f74cd1cdfce89c1340aafdea49c
native_transaction,2017-11-16T09:41:41.000000Z,0x60c61c58a842e95a1cd6593d86a344e8ec1a53dbb2e5fe77e8a797ecd3d3bda9,4562678,,error,0xDd99152be8F2C02ce69F5710d38C7c8b1E10aA5f,0x86Fa049857E0209aa7D9e616F7eb3b3B78ECfdb0,ETH,,native,,0,0,18,0.00065,650000000000000,transfer,,https://eth.blockscout.com/tx/0x60c61c58a842e95a1cd6593d86a344e8ec1a53dbb2e5fe77e8a797ecd3d3bda9
native_transaction,2017-11-16T09:41:41.000000Z,0xdd36fde3aee6d284ebc6ba33fd2892cd5bb594976c181c69213610cdca613ba5,4562678,,error,0xDd99152be8F2C02ce69F5710d38C7c8b1E10aA5f,0x1F573D6Fb3F13d689FF844B4cE37794d79a7FF1C,ETH,,native,,0,0,18,0.00065,650000000000000,transfer,,https://eth.blockscout.com/tx/0xdd36fde3aee6d284ebc6ba33fd2892cd5bb594976c181c69213610cdca613ba5
native_transaction,2017-11-16T09:42:02.000000Z,0x146b164e97578af517f75f64d3c5bf33470b6a939e92d3ca1d13d681e835f4e4,4562679,,error,0xDd99152be8F2C02ce69F5710d38C7c8b1E10aA5f,0x0Cf0Ee63788A0849fE5297F3407f701E122cC023,ETH,,native,,0,0,18,0.00065,650000000000000,transfer,,https://eth.blockscout.com/tx/0x146b164e97578af517f75f64d3c5bf33470b6a939e92d3ca1d13d681e835f4e4
native_transaction,2017-11-16T09:46:03.000000Z,0x880ba26db5059d8bf2d0da5f2899966376ad3f78243551901af677c4bb366c01,4562698,,error,0xDd99152be8F2C02ce69F5710d38C7c8b1E10aA5f,0x86Fa049857E0209aa7D9e616F7eb3b3B78ECfdb0,ETH,,native,,0,0,18,0.00078,780000000000000,transfer,,https://eth.blockscout.com/tx/0x880ba26db5059d8bf2d0da5f2899966376ad3f78243551901af677c4bb366c01
native_transaction,2017-11-16T09:56:01.000000Z,0x44aaa434514ddcf61b87f9460971a8f45f93056d319cf0177f3c4f4b9f2a9141,4562746,,ok,0xDd99152be8F2C02ce69F5710d38C7c8b1E10aA5f,0x86Fa049857E0209aa7D9e616F7eb3b3B78ECfdb0,ETH,,native,,0,0,18,0.0000980232,98023200000000,transfer,,https://eth.blockscout.com/tx/0x44aaa434514ddcf61b87f9460971a8f45f93056d319cf0177f3c4f4b9f2a9141
token_transfer,2017-11-16T09:56:01.000000Z,0x44aaa434514ddcf61b87f9460971a8f45f93056d319cf0177f3c4f4b9f2a9141,4562746,33,ok,0xDd99152be8F2C02ce69F5710d38C7c8b1E10aA5f,0x35878B23c283c078dEc252336D27d91d1D1E8436,EOS,EOS,ERC-20,ok,30,30000000000000000000,18,,,0xa9059cbb,0x86Fa049857E0209aa7D9e616F7eb3b3B78ECfdb0,https://eth.blockscout.com/tx/0x44aaa434514ddcf61b87f9460971a8f45f93056d319cf0177f3c4f4b9f2a9141
native_transaction,2017-11-16T09:58:01.000000Z,0x8c567acea7a1b114d0c3dd069bf9dc01345dd9f36e7e29805bd48d3c2b74f96a,4562758,,ok,0xD3273EBa07248020bf98A8B560ec1576a612102F,0xDd99152be8F2C02ce69F5710d38C7c8b1E10aA5f,ETH,,native,,0.1641518,164151800000000000,18,0.00021,210000000000000,,,https://eth.blockscout.com/tx/0x8c567acea7a1b114d0c3dd069bf9dc01345dd9f36e7e29805bd48d3c2b74f96a
native_transaction,2017-11-16T10:02:05.000000Z,0x0107d4dcf56ad2f905c9f2171de23bb627effe5478e0936112d6695c5885f1da,4562775,,ok,0xDd99152be8F2C02ce69F5710d38C7c8b1E10aA5f,0x0Cf0Ee63788A0849fE5297F3407f701E122cC023,ETH,,native,,0,0,18,0.000090132,90132000000000,transfer,,https://eth.blockscout.com/tx/0x0107d4dcf56ad2f905c9f2171de23bb627effe5478e0936112d6695c5885f1da
token_transfer,2017-11-16T10:02:05.000000Z,0x0107d4dcf56ad2f905c9f2171de23bb627effe5478e0936112d6695c5885f1da,4562775,30,ok,0xDd99152be8F2C02ce69F5710d38C7c8b1E10aA5f,0x35878B23c283c078dEc252336D27d91d1D1E8436,XDATA,Streamr XDATA,ERC-20,ok,3.128864207604489851,3128864207604489851,18,,,0xa9059cbb,0x0Cf0Ee63788A0849fE5297F3407f701E122cC023,https://eth.blockscout.com/tx/0x0107d4dcf56ad2f905c9f2171de23bb627effe5478e0936112d6695c5885f1da
native_transaction,2017-11-16T10:06:32.000000Z,0xf352eb30836b719a3a375d77036521315eb92ca6198ae8e742dac9083724ceb3,4562792,,ok,0xDd99152be8F2C02ce69F5710d38C7c8b1E10aA5f,0x52903256dd18D85c2Dc4a6C999907c9793eA61E3,ETH,,native,,0,0,18,0.00016258,162580000000000,0xa9059cbb,,https://eth.blockscout.com/tx/0xf352eb30836b719a3a375d77036521315eb92ca6198ae8e742dac9083724ceb3
token_transfer,2017-11-16T10:06:32.000000Z,0xf352eb30836b719a3a375d77036521315eb92ca6198ae8e742dac9083724ceb3,4562792,64,ok,0xDd99152be8F2C02ce69F5710d38C7c8b1E10aA5f,0x677878F16c6c7D6fA72510F7fbE355D1eaE276D0,ERC-20,,ERC-20,ok,,777,,,,0xa9059cbb,0x52903256dd18D85c2Dc4a6C999907c9793eA61E3,https://eth.blockscout.com/tx/0xf352eb30836b719a3a375d77036521315eb92ca6198ae8e742dac9083724ceb3
native_transaction,2017-11-18T18:17:27.000000Z,0x2e49f7a55794d9e91d65e905ea3f164964dbd1e4c0083ec86eb5e558238472ab,4577330,,ok,0xDd99152be8F2C02ce69F5710d38C7c8b1E10aA5f,0x677878F16c6c7D6fA72510F7fbE355D1eaE276D0,ETH,,native,,0.1800564568,180056456800000000,18,0.000042,42000000000000,,,https://eth.blockscout.com/tx/0x2e49f7a55794d9e91d65e905ea3f164964dbd1e4c0083ec86eb5e558238472ab
token_transfer,2017-11-20T01:31:46.000000Z,0x12ace4ab34d58f3657234331b156158227d80975a19989c1dcdb0a8147fd3308,4585491,81,ok,0xAE2B80F7F4D285Caa658a285233550D19C8e7847,0xDd99152be8F2C02ce69F5710d38C7c8b1E10aA5f,VIU,VIU,ERC-20,ok,591.1316446,591131644600000000000,18,,,0x7da5efc8,0x519475b31653E46D20cD09F9FdcF3B12BDAcB4f5,https://eth.blockscout.com/tx/0x12ace4ab34d58f3657234331b156158227d80975a19989c1dcdb0a8147fd3308
native_transaction,2017-11-27T06:13:32.000000Z,0x6a53f8527f2fc7b0e5ca2b50adf3abe888779052a4e3714142064100f81e9f79,4630093,,ok,0x677878F16c6c7D6fA72510F7fbE355D1eaE276D0,0xB3EBE04E4a61cdFc5DbE7fa98f96A7ff22e51817,ETH,,native,,0.01,10000000000000000,18,0.000042,42000000000000,,,https://eth.blockscout.com/tx/0x6a53f8527f2fc7b0e5ca2b50adf3abe888779052a4e3714142064100f81e9f79
native_transaction,2017-11-27T06:22:39.000000Z,0x8a23c64d189247f0d0420f88a5fff495bcffeb783b65e02b64b8e7de9474c5ea,4630127,,ok,0xB3EBE04E4a61cdFc5DbE7fa98f96A7ff22e51817,0x677878F16c6c7D6fA72510F7fbE355D1eaE276D0,ETH,,native,,0.005,5000000000000000,18,0.000042,42000000000000,,,https://eth.blockscout.com/tx/0x8a23c64d189247f0d0420f88a5fff495bcffeb783b65e02b64b8e7de9474c5ea
native_transaction,2017-11-27T06:24:55.000000Z,0x27b09f69724c9f10ea34be59605a15aeec1d5ac9eb54308b7bb0d4cbb35338ff,4630136,,ok,0xB3EBE04E4a61cdFc5DbE7fa98f96A7ff22e51817,0x677878F16c6c7D6fA72510F7fbE355D1eaE276D0,ETH,,native,,0.004916,4916000000000000,18,0.000042,42000000000000,,,https://eth.blockscout.com/tx/0x27b09f69724c9f10ea34be59605a15aeec1d5ac9eb54308b7bb0d4cbb35338ff
native_transaction,2017-11-27T06:27:09.000000Z,0x504ffaab556da7f388927874aada82f7dda24b042494b7877777d32cf1c557ef,4630145,,ok,0x677878F16c6c7D6fA72510F7fbE355D1eaE276D0,0xB3EBE04E4a61cdFc5DbE7fa98f96A7ff22e51817,ETH,,native,,2.5,2500000000000000000,18,0.000042,42000000000000,,,https://eth.blockscout.com/tx/0x504ffaab556da7f388927874aada82f7dda24b042494b7877777d32cf1c557ef
token_transfer,2017-11-27T15:14:12.000000Z,0x6adef85c041c77eb47976f11c6600934080dc2d4600f703f004c65df9ae6eb28,4632372,419,ok,0x0000000000000000000000000000000000000000,0x677878F16c6c7D6fA72510F7fbE355D1eaE276D0,ERC-20,,ERC-20,ok,,777,,,,0x0e6848cc,0x52903256dd18D85c2Dc4a6C999907c9793eA61E3,https://eth.blockscout.com/tx/0x6adef85c041c77eb47976f11c6600934080dc2d4600f703f004c65df9ae6eb28
token_transfer,2017-11-27T19:40:18.000000Z,0x0cf9a40c2aa9f7a70479059c6189586f30d21664881b9918269e0daccb2760bf,4633471,155,ok,0x0000000000000000000000000000000000000000,0xDd99152be8F2C02ce69F5710d38C7c8b1E10aA5f,ERC-20,,ERC-20,ok,,777,,,,0x0e6848cc,0x52903256dd18D85c2Dc4a6C999907c9793eA61E3,https://eth.blockscout.com/tx/0x0cf9a40c2aa9f7a70479059c6189586f30d21664881b9918269e0daccb2760bf
token_transfer,2017-12-02T15:02:28.000000Z,0x96268ddd1cc31482f6e67b22b717586b155a80d8ebc4b33c3069c424e832fc64,4662895,161,ok,0x6d4ee35D70AD6331000E370F079aD7df52E75005,0x677878F16c6c7D6fA72510F7fbE355D1eaE276D0,ERC-20,,ERC-20,ok,,5000000000000000000,,,,0x23b4a836,0xEF68e7C694F40c8202821eDF525dE3782458639f,https://eth.blockscout.com/tx/0x96268ddd1cc31482f6e67b22b717586b155a80d8ebc4b33c3069c424e832fc64
internal_transaction,2017-12-02T19:47:04.000000Z,0x7bbaf94acfed626f83cb8218f1eb61e28e44d17b5fb7749e6539dc178df42268,4664084,2,ok,0x1522900B6daFac587d499a862861C0869Be6E428,0x677878F16c6c7D6fA72510F7fbE355D1eaE276D0,ETH,,native,,0.043,43000000000000000,18,,,call,,https://eth.blockscout.com/tx/0x7bbaf94acfed626f83cb8218f1eb61e28e44d17b5fb7749e6539dc178df42268
internal_transaction,2017-12-02T20:09:07.000000Z,0xe816869b512c6106ce19670391c6f764aec535b6a9395a3d546ac19b88c3ec95,4664173,2,ok,0x1522900B6daFac587d499a862861C0869Be6E428,0x677878F16c6c7D6fA72510F7fbE355D1eaE276D0,ETH,,native,,0.6,600000000000000000,18,,,call,,https://eth.blockscout.com/tx/0xe816869b512c6106ce19670391c6f764aec535b6a9395a3d546ac19b88c3ec95
native_transaction,2017-12-14T10:55:16.000000Z,0x34ce16ad384effc4eac991db5f0b93dd29086d3474f3e255e38ab2ad6677fe91,4730783,,ok,0xc3B0beDE4A1590BAE1EcF930D144D38D6Dd5A2B8,0x31aeaB4FF2D0bB779f4a274b75D598d7c426E974,ETH,,native,,0.791,791000000000000000,18,0.000231,231000000000000,,,https://eth.blockscout.com/tx/0x34ce16ad384effc4eac991db5f0b93dd29086d3474f3e255e38ab2ad6677fe91
native_transaction,2017-12-16T06:22:02.000000Z,0x66f42b92c0a27aa03476ea1143f0ba759488cdebfc675cfdd79c823b5700fd51,4741156,,ok,0xB3EBE04E4a61cdFc5DbE7fa98f96A7ff22e51817,0xcF490Ab4d183629D46b106c56c6925E50aD2cfBc,ETH,,native,,0.0213,21300000000000000,18,0.000042,42000000000000,,,https://eth.blockscout.com/tx/0x66f42b92c0a27aa03476ea1143f0ba759488cdebfc675cfdd79c823b5700fd51
token_transfer,2017-12-22T06:11:51.000000Z,0xc53d7960791853ad81e92780005c087fe2d2251308fdde5a1772b9722b5c3ffc,4775203,72,ok,0x1c19839c88c0cdb4D0b10208833101D75454d7C1,0x677878F16c6c7D6fA72510F7fbE355D1eaE276D0,EMO,EMO tokens,ERC-20,ok,27.8558586868,27855858686800000000,18,,,0xaad41a41,0xd037a81B22e7F814bC6f87D50e5bd67d8c329Fa2,https://eth.blockscout.com/tx/0xc53d7960791853ad81e92780005c087fe2d2251308fdde5a1772b9722b5c3ffc
native_transaction,2017-12-31T22:12:26.000000Z,0x41c8aa4c76387cf54ba7cfc27a93cc78e60cb8d8056a8e33bc96374e1f776d68,4832276,,ok,0x677878F16c6c7D6fA72510F7fbE355D1eaE276D0,0x22e4a2798e810C31589c7398B7877E53F9807b24,ETH,,native,,0.001324,1324000000000000,18,0.000315,315000000000000,,,https://eth.blockscout.com/tx/0x41c8aa4c76387cf54ba7cfc27a93cc78e60cb8d8056a8e33bc96374e1f776d68
native_transaction,2017-12-31T22:15:54.000000Z,0xf81ed127058fbba2166634e9fd8fdc8dd1a1953db17f03cc311eab9643e79da3,4832286,,ok,0x677878F16c6c7D6fA72510F7fbE355D1eaE276D0,0x22e4a2798e810C31589c7398B7877E53F9807b24,ETH,,native,,0.0047,4700000000000000,18,0.0004305,430500000000000,,,https://eth.blockscout.com/tx/0xf81ed127058fbba2166634e9fd8fdc8dd1a1953db17f03cc311eab9643e79da3
token_transfer,2018-06-16T08:01:01.000000Z,0x2ea71dbb90b0a887ddeeea52d094171199009da9865647d7970123ccb0df718f,5797910,252,ok,0x0000000000000000000000000000000000000000,0x677878F16c6c7D6fA72510F7fbE355D1eaE276D0,HEALP,An Etheal Promo,ERC-20,ok,911,911,0,,,0x0e6848cc,0x7B2f9706CD8473B4F5B7758b0171a9933Fc6C4d6,https://eth.blockscout.com/tx/0x2ea71dbb90b0a887ddeeea52d094171199009da9865647d7970123ccb0df718f
token_transfer,2018-06-16T11:58:54.000000Z,0xeff6c3d30d8867e1b11dcaf7a5232ba650246fc83fa2b895b4771a03a9acf167,5798882,1523,ok,0x0000000000000000000000000000000000000000,0xB3EBE04E4a61cdFc5DbE7fa98f96A7ff22e51817,HEALP,An Etheal Promo,ERC-20,ok,911,911,0,,,0x0e6848cc,0x7B2f9706CD8473B4F5B7758b0171a9933Fc6C4d6,https://eth.blockscout.com/tx/0xeff6c3d30d8867e1b11dcaf7a5232ba650246fc83fa2b895b4771a03a9acf167
token_transfer,2018-07-19T17:50:20.000000Z,0xbdac73b25f899faf8bf80393b508fc2885805a89fc4c744a8e1fcde5ff3cb46a,5993499,48,ok,0xc7304352548C192f6ba59Ee15E3E1ae9A5605608,0x677878F16c6c7D6fA72510F7fbE355D1eaE276D0,GSE,GSENetwork,ERC-20,ok,27,270000,4,,,0xad8733ca,0xe530441f4f73bDB6DC2fA5aF7c3fC5fD551Ec838,https://eth.blockscout.com/tx/0xbdac73b25f899faf8bf80393b508fc2885805a89fc4c744a8e1fcde5ff3cb46a
token_transfer,2018-09-06T19:30:59.000000Z,0xb35044958f512f8ab46454c150470310826662cad4fae4c315d8b185850643f6,6284014,122,ok,0x8e306b005773bee6bA6A6e8972Bc79D766cC15c8,0xB3EBE04E4a61cdFc5DbE7fa98f96A7ff22e51817,LPT,Livepeer,ERC-20,ok,2.197609567175031014,2197609567175031014,18,,,0xf725839f,0x58b6A8A3302369DAEc383334672404Ee733aB239,https://eth.blockscout.com/tx/0xb35044958f512f8ab46454c150470310826662cad4fae4c315d8b185850643f6
token_transfer,2018-09-08T20:18:33.000000Z,0xcf478bbf3a9533b5c573c7bc5b4fa7412306bf3736fef19ba6623ac3fcab2ad5,6296115,88,ok,0x8e306b005773bee6bA6A6e8972Bc79D766cC15c8,0x677878F16c6c7D6fA72510F7fbE355D1eaE276D0,LPT,Livepeer,ERC-20,ok,2.18579078105255784,2185790781052557840,18,,,0xf725839f,0x58b6A8A3302369DAEc383334672404Ee733aB239,https://eth.blockscout.com/tx/0xcf478bbf3a9533b5c573c7bc5b4fa7412306bf3736fef19ba6623ac3fcab2ad5
token_transfer,2018-09-26T15:11:27.000000Z,0x525233614fa24b8c2271236a60bbe54f2785cd951cb6c1fa77c29a16daee7fae,6403663,142,ok,0x8e306b005773bee6bA6A6e8972Bc79D766cC15c8,0x31aeaB4FF2D0bB779f4a274b75D598d7c426E974,LPT,Livepeer,ERC-20,ok,2.080750965343133425,2080750965343133425,18,,,0xf725839f,0x58b6A8A3302369DAEc383334672404Ee733aB239,https://eth.blockscout.com/tx/0x525233614fa24b8c2271236a60bbe54f2785cd951cb6c1fa77c29a16daee7fae
token_transfer,2018-10-12T14:23:47.000000Z,0xd8b276ade6b93d5067d0accc9a48f37d1e8103d65165f409697c2b309447d31e,6501669,520,ok,0x0000000000000000000000000000000000000000,0x677878F16c6c7D6fA72510F7fbE355D1eaE276D0,PMOD,Promodl,ERC-20,ok,5,5,0,,,0x0e6848cc,0xaF47ebBd460F21c2b3262726572CA8812d7143B0,https://eth.blockscout.com/tx/0xd8b276ade6b93d5067d0accc9a48f37d1e8103d65165f409697c2b309447d31e
native_transaction,2019-03-29T15:01:39.000000Z,0x21245ca702da089f803c4588564cb206e76a8223f668332bfa688d4a03a68169,7464060,,ok,0x31aeaB4FF2D0bB779f4a274b75D598d7c426E974,0x677878F16c6c7D6fA72510F7fbE355D1eaE276D0,ETH,,native,,0.7907,790700000000000000,18,0.00021,210000000000000,,,https://eth.blockscout.com/tx/0x21245ca702da089f803c4588564cb206e76a8223f668332bfa688d4a03a68169
token_transfer,2019-05-07T20:51:36.000000Z,0x6b9cd423fadbd9ad01e4b25f6ae1799d5737b7e73e27cbacf176bc66ac594c69,7715911,124,ok,0x5593b2B8Dc63d0ed68aa8f885707b2Dc5787E391,0x677878F16c6c7D6fA72510F7fbE355D1eaE276D0,LRC,Loopring,ERC-20,ok,5,5000000000000000000,18,,,0x88d695b2,0xBBbbCA6A901c926F240b89EacB641d8Aec7AEafD,https://eth.blockscout.com/tx/0x6b9cd423fadbd9ad01e4b25f6ae1799d5737b7e73e27cbacf176bc66ac594c69
token_transfer,2019-10-02T09:28:40.000000Z,0xfcfd9e45ca92459ce0dfca1260f78fea0bdd15f889324fb0613e7cda8a6fe4d5,8662058,145,ok,0xe5CCfcA59Acd6A3DEA18a97A8D12a1fc5be09B13,0x677878F16c6c7D6fA72510F7fbE355D1eaE276D0,EBK,Ebakus,ERC-20,ok,28.6397891868,28639789186800000000,18,,,0x706f6937,0xBDDab785b306BCD9fB056Da189615Cc8eCE1D823,https://eth.blockscout.com/tx/0xfcfd9e45ca92459ce0dfca1260f78fea0bdd15f889324fb0613e7cda8a6fe4d5
token_transfer,2020-01-10T09:54:42.000000Z,0xdb416ef5a532f25f9dc0414d7167e49cd93f8fc776822d7e05aba132f1a80ba1,9252349,35,ok,0x69532f0B00157866933CDA7C1Bb8Bb0c373f20BF,0x677878F16c6c7D6fA72510F7fbE355D1eaE276D0,ETHBNT,BNT Smart Token Relay,ERC-20,ok,10,10000000000000000000,18,,,0x8f34bcbe,0xb1CD6e4153B2a390Cf00A6556b0fC1458C4A5533,https://eth.blockscout.com/tx/0xdb416ef5a532f25f9dc0414d7167e49cd93f8fc776822d7e05aba132f1a80ba1
native_transaction,2020-08-21T10:16:15.000000Z,0x64bfa69b1928af3e54048d2c4865870ea255805210107b743604af80c3f92de4,10702977,,ok,0xB3EBE04E4a61cdFc5DbE7fa98f96A7ff22e51817,0xf6E3900686f06eCa98e3a1595F7f82588329DE95,ETH,,native,,2.474458,2474458000000000000,18,0,0,,,https://eth.blockscout.com/tx/0x64bfa69b1928af3e54048d2c4865870ea255805210107b743604af80c3f92de4
native_transaction,2020-08-21T11:33:10.000000Z,0xa4e8dfa8ad633657e69ee59283bb970e5b00466635e50289ef95c3dcef56622a,10703317,,ok,0xf6E3900686f06eCa98e3a1595F7f82588329DE95,0x95CB5E42a346E732e52FcDc2d398BC946C4879D8,ETH,,native,,2.470237,2470237000000000000,18,0,0,,,https://eth.blockscout.com/tx/0xa4e8dfa8ad633657e69ee59283bb970e5b00466635e50289ef95c3dcef56622a
native_transaction,2020-09-12T22:39:33.000000Z,0x39399c41add204f62b4e4aa08f02c6331644e2d27f2c9e96ac3606276295a433,10849879,,ok,0x677878F16c6c7D6fA72510F7fbE355D1eaE276D0,0xCC45DDe42826e702be81b461bAAE5Cd2e756c8eC,ETH,,native,,2,2000000000000000000,18,0,0,,,https://eth.blockscout.com/tx/0x39399c41add204f62b4e4aa08f02c6331644e2d27f2c9e96ac3606276295a433
native_transaction,2020-10-02T06:36:19.000000Z,0x275bb4a4357177004a5731c68a25661010f901df5b32655f3b0f1ed2057213b2,10975053,,ok,0x95CB5E42a346E732e52FcDc2d398BC946C4879D8,0x31aeaB4FF2D0bB779f4a274b75D598d7c426E974,ETH,,native,,1.387421347136,1387421347136000000,18,0.003339,3339000000000000,,,https://eth.blockscout.com/tx/0x275bb4a4357177004a5731c68a25661010f901df5b32655f3b0f1ed2057213b2
native_transaction,2020-10-02T06:38:13.000000Z,0xf8adef4492d79564c5d1680f84aefdd346524e9e87adc1276d6e88f8fbe3c83b,10975061,,ok,0xCC45DDe42826e702be81b461bAAE5Cd2e756c8eC,0x31aeaB4FF2D0bB779f4a274b75D598d7c426E974,ETH,,native,,2.02816317647,2028163176470000000,18,0,0,,,https://eth.blockscout.com/tx/0xf8adef4492d79564c5d1680f84aefdd346524e9e87adc1276d6e88f8fbe3c83b
native_transaction,2020-11-22T06:20:02.000000Z,0x0dcafac6ad7c93f9242d539f157197ba453c35f69f207ae43473cfb853128b57,11306370,,ok,0x31aeaB4FF2D0bB779f4a274b75D598d7c426E974,0x485c5b8BE82c9833cEc5b161E40d8AB33e17208f,ETH,,native,,0.1,100000000000000000,18,0,0,,,https://eth.blockscout.com/tx/0x0dcafac6ad7c93f9242d539f157197ba453c35f69f207ae43473cfb853128b57
native_transaction,2020-11-22T06:28:19.000000Z,0xea4d7ffa23dba062a601b8dd3f4968db2e5e62d3d6d76f6c5cded9c53b91506f,11306407,,ok,0x31aeaB4FF2D0bB779f4a274b75D598d7c426E974,0x485c5b8BE82c9833cEc5b161E40d8AB33e17208f,ETH,,native,,1.9,1900000000000000000,18,0,0,,,https://eth.blockscout.com/tx/0xea4d7ffa23dba062a601b8dd3f4968db2e5e62d3d6d76f6c5cded9c53b91506f
native_transaction,2021-02-13T06:25:49.000000Z,0x82accb08520746f4b34bf2d31a7b9cade000dc66cfbb0a93e153d4cf065871e0,11846697,,ok,0x31aeaB4FF2D0bB779f4a274b75D598d7c426E974,0x95CB5E42a346E732e52FcDc2d398BC946C4879D8,ETH,,native,,0.1,100000000000000000,18,0.002064448408785,2064448408785000,,,https://eth.blockscout.com/tx/0x82accb08520746f4b34bf2d31a7b9cade000dc66cfbb0a93e153d4cf065871e0
native_transaction,2021-06-13T02:12:29.000000Z,0xa8d30f048ccf6a72265559cdfe051d08da107a8d84d57c0719bb83ddb31bb78e,12623404,,ok,0x95CB5E42a346E732e52FcDc2d398BC946C4879D8,0x677878F16c6c7D6fA72510F7fbE355D1eaE276D0,ETH,,native,,0.099874,99874000000000000,18,0.000126,126000000000000,,,https://eth.blockscout.com/tx/0xa8d30f048ccf6a72265559cdfe051d08da107a8d84d57c0719bb83ddb31bb78e
native_transaction,2021-09-06T11:46:00.000000Z,0x591c5f461b44bb27a8ccd103ae8b9add0e6df4293d23074e0e5263720cee1654,13171974,,ok,0x31aeaB4FF2D0bB779f4a274b75D598d7c426E974,0x87149fA2af22ec3296B4d81B431052bA882c23D8,ETH,,native,,0.05,50000000000000000,18,0.001575,1575000000000000,,,https://eth.blockscout.com/tx/0x591c5f461b44bb27a8ccd103ae8b9add0e6df4293d23074e0e5263720cee1654
native_transaction,2021-09-12T20:48:20.000000Z,0x75488be98aad7206614e788e884c4d549f5aa4e2c91de852ca9c83be59cd7406,13213182,,ok,0x31aeaB4FF2D0bB779f4a274b75D598d7c426E974,0x820Cb299071bBe96d7CEDbC26058C8C1275F92f5,ETH,,native,,0.1,100000000000000000,18,0.002814,2814000000000000,,,https://eth.blockscout.com/tx/0x75488be98aad7206614e788e884c4d549f5aa4e2c91de852ca9c83be59cd7406
native_transaction,2021-10-10T18:25:05.000000Z,0x20b9dcd7fec5d44c856b2888de40a7749db42c17639406ced91304d81cbce6e4,13392509,,ok,0x95CB5E42a346E732e52FcDc2d398BC946C4879D8,0x31aeaB4FF2D0bB779f4a274b75D598d7c426E974,ETH,,native,,0.04598891,45988910000000000,18,0.002184,2184000000000000,,,https://eth.blockscout.com/tx/0x20b9dcd7fec5d44c856b2888de40a7749db42c17639406ced91304d81cbce6e4
native_transaction,2021-10-10T18:40:26.000000Z,0x6fa3fa3e680c630244e1de85d6cf205b8a638cec252437a12dfc2faf3fc95b5d,13392572,,ok,0x31aeaB4FF2D0bB779f4a274b75D598d7c426E974,0x820Cb299071bBe96d7CEDbC26058C8C1275F92f5,ETH,,native,,0.1,100000000000000000,18,0.0039439,3943900000000000,,,https://eth.blockscout.com/tx/0x6fa3fa3e680c630244e1de85d6cf205b8a638cec252437a12dfc2faf3fc95b5d
native_transaction,2021-10-10T18:56:35.000000Z,0xe18c530e3d8f3095624e5cfeb3e9711f82ce276f529f9a42eb3a38fd97e727f4,13392643,,ok,0x31aeaB4FF2D0bB779f4a274b75D598d7c426E974,0x820Cb299071bBe96d7CEDbC26058C8C1275F92f5,ETH,,native,,1.096500869083101,1096500869083101000,18,0.002800169,2800169000000000,,,https://eth.blockscout.com/tx/0xe18c530e3d8f3095624e5cfeb3e9711f82ce276f529f9a42eb3a38fd97e727f4
native_transaction,2023-03-20T21:10:47.000000Z,0x347a006555f7cd18336414dc08d0d887a3cb6bc819d4afd89442d5fda04c6b3d,16871473,,ok,0x677878F16c6c7D6fA72510F7fbE355D1eaE276D0,0x820Cb299071bBe96d7CEDbC26058C8C1275F92f5,ETH,,native,,1,1000000000000000000,18,0.000985975,985975000000000,,,https://eth.blockscout.com/tx/0x347a006555f7cd18336414dc08d0d887a3cb6bc819d4afd89442d5fda04c6b3d
native_transaction,2023-08-04T17:37:23.000000Z,0x1fbded510a3b07c9d5fed12708ce7a75b972e744e85d6cc287952c51795b4a3e,17843151,,ok,0x677878F16c6c7D6fA72510F7fbE355D1eaE276D0,0x820Cb299071bBe96d7CEDbC26058C8C1275F92f5,ETH,,native,,0.1,100000000000000000,18,0.001064853,1064853000000000,,,https://eth.blockscout.com/tx/0x1fbded510a3b07c9d5fed12708ce7a75b972e744e85d6cc287952c51795b4a3e
token_transfer,2023-08-04T17:38:47.000000Z,0x59d8c73d05bc656f3cf74318b49689cd02d3ab65f11ff697af51ba1519ad6c3a,17843158,371,ok,0x677878F16c6c7D6fA72510F7fbE355D1eaE276D0,0x820cf1f0afEA7AE3ED3Ae834f5F399Bf8f3F92f5,ETH,ETH,ERC-20,ok,0.1,100000000000000000,18,,,0x0e6080b1,0xD3635503650b6c1Dc48B1961455bd4F9566085e6,https://eth.blockscout.com/tx/0x59d8c73d05bc656f3cf74318b49689cd02d3ab65f11ff697af51ba1519ad6c3a
native_transaction,2023-08-04T18:22:23.000000Z,0x9e567b3620d1d9f98f1c276bb77ee1d1b6d8d53eabc71a36b24b0cbc6d1440a8,17843373,,ok,0x677878F16c6c7D6fA72510F7fbE355D1eaE276D0,0x820Cb299071bBe96d7CEDbC26058C8C1275F92f5,ETH,,native,,1.5,1500000000000000000,18,0.000907097,907097000000000,,,https://eth.blockscout.com/tx/0x9e567b3620d1d9f98f1c276bb77ee1d1b6d8d53eabc71a36b24b0cbc6d1440a8
token_transfer,2023-08-04T18:23:47.000000Z,0x88a283ab6f486c628ff0344d209114938f160eea82e839fb5ff0d128194e7868,17843380,337,ok,0x677878F16c6c7D6fA72510F7fbE355D1eaE276D0,0x820cf1f0afEA7AE3ED3Ae834f5F399Bf8f3F92f5,ETH,ETH,ERC-20,ok,1.5,1500000000000000000,18,,,0x0e6080b1,0xD3635503650b6c1Dc48B1961455bd4F9566085e6,https://eth.blockscout.com/tx/0x88a283ab6f486c628ff0344d209114938f160eea82e839fb5ff0d128194e7868
internal_transaction,2023-09-08T14:01:59.000000Z,0x2005fee9291ed789814aa4f44a56d5fcff5115a710f81e3dac70fffdce9e23a9,18092161,1,ok,0x1fAd26aee30fB59C201DC9d58ae5e67D9b78cC5c,0x677878F16c6c7D6fA72510F7fbE355D1eaE276D0,ETH,,native,,0.5,500000000000000000,18,,,call,,https://eth.blockscout.com/tx/0x2005fee9291ed789814aa4f44a56d5fcff5115a710f81e3dac70fffdce9e23a9
native_transaction,2023-11-09T13:11:59.000000Z,0x7d349dcb8664b84f42ead8217fb63fb5c7b0e3bcb26fb3c287bc89cc5240ad20,18534606,,ok,0x677878F16c6c7D6fA72510F7fbE355D1eaE276D0,0x791762cDc39972BfF77B7c7B40a2c36C13986f0B,ETH,,native,,0.01994877,19948770000000000,18,0.002043405,2043405000000000,,,https://eth.blockscout.com/tx/0x7d349dcb8664b84f42ead8217fb63fb5c7b0e3bcb26fb3c287bc89cc5240ad20
native_transaction,2023-11-09T13:37:47.000000Z,0x2b43498255de7042462c12c4757ae207ff2505a546b8afcec662a374c8947410,18534735,,ok,0x677878F16c6c7D6fA72510F7fbE355D1eaE276D0,0x0f930C5D8AdDF684e5Fd761d010142f1bBB5f8f6,ETH,,native,,0.01142186,11421860000000000,18,0.002315859,2315859000000000,,,https://eth.blockscout.com/tx/0x2b43498255de7042462c12c4757ae207ff2505a546b8afcec662a374c8947410
native_transaction,2023-11-11T11:17:47.000000Z,0x3ace50736d8a27e3f2bc50bb0d3ba6e104c48f8bd82c2a8b230cf7b7e83ace78,18548339,,ok,0x677878F16c6c7D6fA72510F7fbE355D1eaE276D0,0xc12AcaA4607e0Bf1328a48FB72Dd328c584b7B96,ETH,,native,,0.25941533,259415330000000000,18,0.00090818,908180000000000,,,https://eth.blockscout.com/tx/0x3ace50736d8a27e3f2bc50bb0d3ba6e104c48f8bd82c2a8b230cf7b7e83ace78
native_transaction,2023-11-11T11:25:35.000000Z,0x2377934a9e447ce719a34940ee4d35450dedb5390b83e647302fbc0d1d118439,18548377,,ok,0x677878F16c6c7D6fA72510F7fbE355D1eaE276D0,0xC78a0FBcAD7a7b7e1F01E618C8fc256051498141,ETH,,native,,0.18196936,181969360000000000,18,0.001044407,1044407000000000,,,https://eth.blockscout.com/tx/0x2377934a9e447ce719a34940ee4d35450dedb5390b83e647302fbc0d1d118439
native_transaction,2023-11-16T18:54:11.000000Z,0xbd27bd1a59da70f7cb7b01798776a76e7979590106ec75a71118452d9bf8c54e,18586369,,ok,0x29aDF8EC63BBc0b680CB22B794f61a6BCe2f74Fb,0x677878F16c6c7D6fA72510F7fbE355D1eaE276D0,ETH,,native,,0.01994877,19948770000000000,18,0.001155,1155000000000000,,,https://eth.blockscout.com/tx/0xbd27bd1a59da70f7cb7b01798776a76e7979590106ec75a71118452d9bf8c54e
native_transaction,2023-11-17T08:05:47.000000Z,0x2bbb8d36ceb468202faa95dccd3a6c64b3b12943702f5942f576e86d4d3f5120,18590297,,ok,0x677878F16c6c7D6fA72510F7fbE355D1eaE276D0,0x22B7e58614f8354c55CD803b6A2A54B950A3ba96,ETH,,native,,0.2703942,270394200000000000,18,0.001089816,1089816000000000,,,https://eth.blockscout.com/tx/0x2bbb8d36ceb468202faa95dccd3a6c64b3b12943702f5942f576e86d4d3f5120
internal_transaction,2023-11-20T19:08:59.000000Z,0x49bcd993076ab3b64bfcbcc2a5f2322a6708a23728ca7a91d230fc996d3652a6,18614985,1,ok,0x1fAd26aee30fB59C201DC9d58ae5e67D9b78cC5c,0x677878F16c6c7D6fA72510F7fbE355D1eaE276D0,ETH,,native,,1.0807387,1080738700000000000,18,,,call,,https://eth.blockscout.com/tx/0x49bcd993076ab3b64bfcbcc2a5f2322a6708a23728ca7a91d230fc996d3652a6
native_transaction,2024-02-18T17:58:23.000000Z,0x5e8b3204c0198c3c0b5d26cb9f3fe8d54bd864878453aa4ad02de770964fb2fc,19256312,,ok,0x677878F16c6c7D6fA72510F7fbE355D1eaE276D0,0xE19fddBea681D39e6496903332382a7e31EA2742,ETH,,native,,0.04169769,41697690000000000,18,0.000609,609000000000000,,,https://eth.blockscout.com/tx/0x5e8b3204c0198c3c0b5d26cb9f3fe8d54bd864878453aa4ad02de770964fb2fc
native_transaction,2024-03-04T15:12:11.000000Z,0x29a0455df8ad47abbaf4d86df60f16348a74df61c9d4734ff48ed2876b5813d5,19362611,,ok,0x677878F16c6c7D6fA72510F7fbE355D1eaE276D0,0xe5ee22c6264B9725Db8a44c5da3c7D1C46a684dd,ETH,,native,,0.32038396,320383960000000000,18,0.001911,1911000000000000,,,https://eth.blockscout.com/tx/0x29a0455df8ad47abbaf4d86df60f16348a74df61c9d4734ff48ed2876b5813d5
token_transfer,2024-03-04T15:15:23.000000Z,0xeb12e09e9c88e9fd4b7a0b8f5c9bc62349c10023edcc80d4c3f9188d92842c61,19362627,173,ok,0x677878F16c6c7D6fA72510F7fbE355D1eaE276D0,0xe5E90bFf4EEba90C667E4482278BA45f891684dD,ETH,ETH...,ERC-20,ok,0.32038396,320383960000000000,18,,,0xe19c2253,0xE6fbD1F2dd1A9209e9F4d2e9109128481907C430,https://eth.blockscout.com/tx/0xeb12e09e9c88e9fd4b7a0b8f5c9bc62349c10023edcc80d4c3f9188d92842c61
token_transfer,2024-03-04T15:17:11.000000Z,0x0870c236ef93cfdc4c4fccc144eb27bc3c7457d0d43102957474819dfea37fa3,19362636,121,ok,0x677878F16c6c7D6fA72510F7fbE355D1eaE276D0,0xe5e938b20bF02Fe4AFA0Ac1aae06451e426f84dd,ЕTН,ЕTН...,ERC-20,ok,0.32038396,320383960000000000,18,,,0xe19c2253,0x94F2680675D03A5cEAAb2Ec9717976E7D6106734,https://eth.blockscout.com/tx/0x0870c236ef93cfdc4c4fccc144eb27bc3c7457d0d43102957474819dfea37fa3
native_transaction,2024-05-04T14:23:23.000000Z,0xa1b2466affa5ffd0025817fb18ae2ed608912f3af2d903586aca1c50b4cc6d78,19797316,,ok,0x677878F16c6c7D6fA72510F7fbE355D1eaE276D0,0xB07a07b7B4690732407CBFb26956a466572f9592,ETH,,native,,0.09865611,98656110000000000,18,0.000126,126000000000000,,,https://eth.blockscout.com/tx/0xa1b2466affa5ffd0025817fb18ae2ed608912f3af2d903586aca1c50b4cc6d78
token_transfer,2024-05-04T14:29:47.000000Z,0xdb354861da14114f7faad7b2cd749d7a0171343762e90e7a94bbd9e20219edbd,19797347,205,ok,0x677878F16c6c7D6fA72510F7fbE355D1eaE276D0,0xB07342251eF333AC305F5Eb3CAda80261fa99592,ETH,ETH...,ERC-20,ok,0.09865611,98656110000000000,18,,,0xa9059cbb,0x7b9ff34F1fd69e603020b4Ea32d6c43F5cfaAaA0,https://eth.blockscout.com/tx/0xdb354861da14114f7faad7b2cd749d7a0171343762e90e7a94bbd9e20219edbd
native_transaction,2024-05-20T07:36:11.000000Z,0x19a134d5cf6e0f7322e2da3d9b7ee03b25b1c31a1697f145b5d5f7e8e071bd8e,19909687,,ok,0x677878F16c6c7D6fA72510F7fbE355D1eaE276D0,0x065Dd94Fb7A15e7C9821ad0af8D7Eb76491A0924,ETH,,native,,0.33469739,334697390000000000,18,0.000063,63000000000000,,,https://eth.blockscout.com/tx/0x19a134d5cf6e0f7322e2da3d9b7ee03b25b1c31a1697f145b5d5f7e8e071bd8e
token_transfer,2024-05-20T07:39:35.000000Z,0xdf71e49252dc5aeaa81817b78b03bf88b3f11dad81b1e80450c48eada99d3b57,19909704,172,ok,0x677878F16c6c7D6fA72510F7fbE355D1eaE276D0,0x065D5FB523cf5dCEa1A3DD6740c0B33cE5A00924,ETH,ETH,ERC-20,ok,0.33469739,334697390000000000,18,,,0x12514bba,0xcce7124521e349961F1E8d5fE7601B0F1C8BAF85,https://eth.blockscout.com/tx/0xdf71e49252dc5aeaa81817b78b03bf88b3f11dad81b1e80450c48eada99d3b57
native_transaction,2024-05-20T07:39:47.000000Z,0xebf15109ed40afb243dc82153f788d6f580423e086428081d684e9758d7cbc4f,19909705,,ok,0x065D5FB523cf5dCEa1A3DD6740c0B33cE5A00924,0x677878F16c6c7D6fA72510F7fbE355D1eaE276D0,ETH,,native,,0.000000001,1000000000,18,0.00008918289534,89182895340000,,,https://eth.blockscout.com/tx/0xebf15109ed40afb243dc82153f788d6f580423e086428081d684e9758d7cbc4f
native_transaction,2024-06-26T07:45:35.000000Z,0xacf1118bd3ad89f178392de4c5afefedf98ea32465e43622f8e5dce3d4408264,20174455,,ok,0x677878F16c6c7D6fA72510F7fbE355D1eaE276D0,0x57CF4BB38688e706bbc7Bb3A3109A2E3F3c27ccB,ETH,,native,,0.15157324,151573240000000000,18,0.000042,42000000000000,,,https://eth.blockscout.com/tx/0xacf1118bd3ad89f178392de4c5afefedf98ea32465e43622f8e5dce3d4408264
token_transfer,2024-06-26T07:47:47.000000Z,0xa137cb00fc60b26861a4d14dc4e1d67a6f8267b265377b7fea12b9a0208bbf1d,20174466,159,ok,0x677878F16c6c7D6fA72510F7fbE355D1eaE276D0,0x57c39d3021F6C5c78DC46dEC91cB9CdEc8c27CcB,ET H,E TH,ERC-20,ok,0.15157324,151573240000000000,18,,,0xa9059cbb,0xB5cEeF8FcFDd022a875aF5ba307345E58E4a16c5,https://eth.blockscout.com/tx/0xa137cb00fc60b26861a4d14dc4e1d67a6f8267b265377b7fea12b9a0208bbf1d
native_transaction,2024-06-26T08:18:59.000000Z,0xe545adff05dd6a170a217ff9757052621009580191a1442f495a8692bafbc1b0,20174621,,ok,0x57c39d3021F6C5c78DC46dEC91cB9CdEc8c27CcB,0x677878F16c6c7D6fA72510F7fbE355D1eaE276D0,ETH,,native,,0.000015157,15157000000000,18,0.000053644879113,53644879113000,,,https://eth.blockscout.com/tx/0xe545adff05dd6a170a217ff9757052621009580191a1442f495a8692bafbc1b0
native_transaction,2024-06-26T09:24:23.000000Z,0xe9e2c48d0b29cc7a9025e42884f4125de7e92f39df8b7d89a73cf81b53dc3e96,20174946,,ok,0x57CF1972091A19643D105Ef3bF4b8203D5c27ccB,0x677878F16c6c7D6fA72510F7fbE355D1eaE276D0,ETH,,native,,0,0,18,0.000077760238899,77760238899000,,,https://eth.blockscout.com/tx/0xe9e2c48d0b29cc7a9025e42884f4125de7e92f39df8b7d89a73cf81b53dc3e96
native_transaction,2024-06-26T10:06:59.000000Z,0x212431f82e7bb2b96bc335174aa3ed4c786389a7089939338171d1a8a41ec226,20175159,,ok,0x57c39d3021F6C5c78DC46dEC91cB9CdEc8c27CcB,0x677878F16c6c7D6fA72510F7fbE355D1eaE276D0,ETH,,native,,0.000015157,15157000000000,18,0.000074094784995,74094784995000,,,https://eth.blockscout.com/tx/0x212431f82e7bb2b96bc335174aa3ed4c786389a7089939338171d1a8a41ec226
native_transaction,2024-06-26T10:07:47.000000Z,0xf4e323ceda1244d522bed2e4bc86ecbbccfd30d7e9d7d95eb54fa2df2d03aaa5,20175163,,ok,0x57CF1972091A19643D105Ef3bF4b8203D5c27ccB,0x677878F16c6c7D6fA72510F7fbE355D1eaE276D0,ETH,,native,,0,0,18,0.000078032293773,78032293773000,,,https://eth.blockscout.com/tx/0xf4e323ceda1244d522bed2e4bc86ecbbccfd30d7e9d7d95eb54fa2df2d03aaa5
native_transaction,2024-06-26T10:53:23.000000Z,0xac0726dc54a29907cf908b454af95d6523994928159e397f186e379a597f6902,20175390,,ok,0x57c39d3021F6C5c78DC46dEC91cB9CdEc8c27CcB,0x677878F16c6c7D6fA72510F7fbE355D1eaE276D0,ETH,,native,,0.000015157,15157000000000,18,0.000063410196822,63410196822000,,,https://eth.blockscout.com/tx/0xac0726dc54a29907cf908b454af95d6523994928159e397f186e379a597f6902
native_transaction,2024-06-26T10:53:59.000000Z,0x36788021ce296a49ee6bcd0c0be884615c407d97129918b6d425084e957a8beb,20175393,,ok,0x57CF1972091A19643D105Ef3bF4b8203D5c27ccB,0x677878F16c6c7D6fA72510F7fbE355D1eaE276D0,ETH,,native,,0,0,18,0.000054727657068,54727657068000,,,https://eth.blockscout.com/tx/0x36788021ce296a49ee6bcd0c0be884615c407d97129918b6d425084e957a8beb
native_transaction,2024-06-26T11:45:35.000000Z,0x57dac91ad243d624cd8bf3248a92a5e6ae084cd377ed91bc2a82298c44321fee,20175651,,ok,0x57c39d3021F6C5c78DC46dEC91cB9CdEc8c27CcB,0x677878F16c6c7D6fA72510F7fbE355D1eaE276D0,ETH,,native,,0.000015157,15157000000000,18,0.000051497216673,51497216673000,,,https://eth.blockscout.com/tx/0x57dac91ad243d624cd8bf3248a92a5e6ae084cd377ed91bc2a82298c44321fee
native_transaction,2024-06-26T11:46:23.000000Z,0x4336710a810e695385d1c8a9500ec934db1ebc76badb1d75f56faf0dfb37fa42,20175655,,ok,0x57CF1972091A19643D105Ef3bF4b8203D5c27ccB,0x677878F16c6c7D6fA72510F7fbE355D1eaE276D0,ETH,,native,,0,0,18,0.000054467546196,54467546196000,,,https://eth.blockscout.com/tx/0x4336710a810e695385d1c8a9500ec934db1ebc76badb1d75f56faf0dfb37fa42
native_transaction,2024-06-26T12:39:59.000000Z,0xc85bba2b9ca7cb1867615c8264ed13cd7df72cae9358e5f85c5c77bad23860b3,20175922,,ok,0x57c39d3021F6C5c78DC46dEC91cB9CdEc8c27CcB,0x677878F16c6c7D6fA72510F7fbE355D1eaE276D0,ETH,,native,,0.000015157,15157000000000,18,0.000086498457255,86498457255000,,,https://eth.blockscout.com/tx/0xc85bba2b9ca7cb1867615c8264ed13cd7df72cae9358e5f85c5c77bad23860b3
native_transaction,2024-06-26T12:40:35.000000Z,0xfe61afa17db943207995ef7a5d2e115be0b522633ce9ffa486fa71de41924db8,20175925,,ok,0x57CF1972091A19643D105Ef3bF4b8203D5c27ccB,0x677878F16c6c7D6fA72510F7fbE355D1eaE276D0,ETH,,native,,0,0,18,0.000083448273972,83448273972000,,,https://eth.blockscout.com/tx/0xfe61afa17db943207995ef7a5d2e115be0b522633ce9ffa486fa71de41924db8
native_transaction,2024-06-26T13:39:47.000000Z,0xc21fdc2c4faf3280deeb87bb78c4084090cb1f367e18438fcc7052f61844259b,20176220,,ok,0x57c39d3021F6C5c78DC46dEC91cB9CdEc8c27CcB,0x677878F16c6c7D6fA72510F7fbE355D1eaE276D0,ETH,,native,,0.000015157,15157000000000,18,0.000139126331442,139126331442000,,,https://eth.blockscout.com/tx/0xc21fdc2c4faf3280deeb87bb78c4084090cb1f367e18438fcc7052f61844259b
native_transaction,2024-07-29T05:50:11.000000Z,0x2e3614a5978594ca9e21cc5dfa1edd755b59762fa13c4dd1f804cee937beebda,20410234,,ok,0x677878F16c6c7D6fA72510F7fbE355D1eaE276D0,0x2B0c25a15A2117Cef25Fd57Ff040f755503A7F6F,ETH,,native,,0.30157536,301575360000000000,18,0.000042,42000000000000,,,https://eth.blockscout.com/tx/0x2e3614a5978594ca9e21cc5dfa1edd755b59762fa13c4dd1f804cee937beebda
native_transaction,2024-07-29T05:57:35.000000Z,0x3c05abce94f706583c05df3e6e1dc38f01e6a643c34f290642ab4ed0ede8bac1,20410270,,ok,0x2B0c60E670B63174C394C603fCE392aBf8c77F6F,0x677878F16c6c7D6fA72510F7fbE355D1eaE276D0,ETH,,native,,0.000030157,30157000000000,18,0.00002857611582,28576115820000,,,https://eth.blockscout.com/tx/0x3c05abce94f706583c05df3e6e1dc38f01e6a643c34f290642ab4ed0ede8bac1
token_transfer,2024-07-29T05:58:59.000000Z,0x1063ef541830133165b54a88da125519f5053f317f5b3d683667e69bec7d629a,20410277,581,ok,0x677878F16c6c7D6fA72510F7fbE355D1eaE276D0,0x2B0c60E670B63174C394C603fCE392aBf8c77F6F,ETH,ETH...,ERC-20,ok,0.30157536,301575360000000000,18,,,0xa9059cbb,0x0Af4E0C1F67f0CD47E134bD3dfAc539a36a081Cb,https://eth.blockscout.com/tx/0x1063ef541830133165b54a88da125519f5053f317f5b3d683667e69bec7d629a
native_transaction,2024-07-29T06:10:35.000000Z,0x619a0b49f56b85cbc7c9230531e893b63daf8f600dfae3761b1065c0bb6cd2d3,20410335,,ok,0x677878F16c6c7D6fA72510F7fbE355D1eaE276D0,0xAE01efC81074CC793cE072422DeEC3E6843d27D6,ETH,,native,,0.29736796,297367960000000000,18,0.000042,42000000000000,,,https://eth.blockscout.com/tx/0x619a0b49f56b85cbc7c9230531e893b63daf8f600dfae3761b1065c0bb6cd2d3
native_transaction,2024-07-29T06:13:59.000000Z,0x913ca68d52dd21c025434bc202fa6b0bf091f51bdbd8d2df5a7ca5fb5f528910,20410352,,ok,0xAE01CF1FfF9CA310099F46da22C32B57a0B727D6,0x677878F16c6c7D6fA72510F7fbE355D1eaE276D0,ETH,,native,,0.000029736,29736000000000,18,0.000027266185107,27266185107000,,,https://eth.blockscout.com/tx/0x913ca68d52dd21c025434bc202fa6b0bf091f51bdbd8d2df5a7ca5fb5f528910
token_transfer,2024-07-29T06:15:11.000000Z,0x725f91ffa8ec271cf120c75957df7ba9a1f1c3cae798511d30466b9fee2dbbbb,20410358,297,ok,0x677878F16c6c7D6fA72510F7fbE355D1eaE276D0,0xAE01CF1FfF9CA310099F46da22C32B57a0B727D6,ETH,ETH...,ERC-20,ok,0.29736796,297367960000000000,18,,,0xa9059cbb,0x0Af4E0C1F67f0CD47E134bD3dfAc539a36a081Cb,https://eth.blockscout.com/tx/0x725f91ffa8ec271cf120c75957df7ba9a1f1c3cae798511d30466b9fee2dbbbb
token_transfer,2024-07-29T06:21:35.000000Z,0x252b5423a2cfded679e1b66bb152725788bc074241f3e1535d47b6f07d357a1a,20410390,426,ok,0x677878F16c6c7D6fA72510F7fbE355D1eaE276D0,0xaE015865a3769Fda188cB8f3DedEa85451C627d6,EТH ,EТH,ERC-20,ok,0.29736796,297367960000000000,18,,,0x12514bba,0xF561CA86b5774cfCD6081D4E0e2fe465924316D3,https://eth.blockscout.com/tx/0x252b5423a2cfded679e1b66bb152725788bc074241f3e1535d47b6f07d357a1a
token_transfer,2024-07-29T06:21:35.000000Z,0x252b5423a2cfded679e1b66bb152725788bc074241f3e1535d47b6f07d357a1a,20410390,439,ok,0x677878F16c6c7D6fA72510F7fbE355D1eaE276D0,0x2b0C0EEf95429DD55044686a54CB6E723dcd7f6F,EТH ,EТH,ERC-20,ok,0.30157536,301575360000000000,18,,,0x12514bba,0xF561CA86b5774cfCD6081D4E0e2fe465924316D3,https://eth.blockscout.com/tx/0x252b5423a2cfded679e1b66bb152725788bc074241f3e1535d47b6f07d357a1a
token_transfer,2024-07-29T06:27:23.000000Z,0xe2154674af616b958e667d7cce8f105b13d08d28a2e4da129bca2c7ca49f5db7,20410419,290,ok,0x677878F16c6c7D6fA72510F7fbE355D1eaE276D0,0x2B0c60E670B63174C394C603fCE392aBf8c77F6F,ETH,ETH...,ERC-20,ok,0.30157536,301575360000000000,18,,,0xa9059cbb,0x0Af4E0C1F67f0CD47E134bD3dfAc539a36a081Cb,https://eth.blockscout.com/tx/0xe2154674af616b958e667d7cce8f105b13d08d28a2e4da129bca2c7ca49f5db7
native_transaction,2024-07-29T06:41:47.000000Z,0xbd9d4555bee234284fd07a78cd67d6ab9ebb4934a6c8f85b001afbf403f50a28,20410491,,ok,0x677878F16c6c7D6fA72510F7fbE355D1eaE276D0,0xD523794C879D9eC028960a231F866758e405bE34,ETH,,native,,20,20000000000000000000,18,0.000623056188419814,623056188419814,stake,,https://eth.blockscout.com/tx/0xbd9d4555bee234284fd07a78cd67d6ab9ebb4934a6c8f85b001afbf403f50a28
native_transaction,2024-09-05T12:52:59.000000Z,0x2b66e4ba6a3d6e34d2403e70690d3f0f9855b5b601effa4189a29d5287c16310,20684508,,ok,0x677878F16c6c7D6fA72510F7fbE355D1eaE276D0,0x3D3608a12984dE35afB9476c0eEFd21C741C7c30,ETH,,native,,0.11164444,111644440000000000,18,0.00006325442025,63254420250000,,,https://eth.blockscout.com/tx/0x2b66e4ba6a3d6e34d2403e70690d3f0f9855b5b601effa4189a29d5287c16310
native_transaction,2024-10-11T07:49:23.000000Z,0x6063dd47d6ef836fdd822ac5e827485619c4a53513f05b5ed33ab40d6244b357,20940994,,ok,0x677878F16c6c7D6fA72510F7fbE355D1eaE276D0,0x941A6F2610b8317FAaa498BA1d286F3706d3B9da,ETH,,native,,0.44273365,442733650000000000,18,0.000284759685231,284759685231000,,,https://eth.blockscout.com/tx/0x6063dd47d6ef836fdd822ac5e827485619c4a53513f05b5ed33ab40d6244b357
native_transaction,2024-11-21T05:26:23.000000Z,0xc93cdf33aadd862865a44e5e762ec3098cebb4fb0b2ff670e6b4d1938376d082,21234009,,ok,0x677878F16c6c7D6fA72510F7fbE355D1eaE276D0,0xa9eB0A8ac075E208Ccd6D1eE7bdAbC56F268fbA7,ETH,,native,,0.08534058,85340580000000000,18,0.000246950110155,246950110155000,,,https://eth.blockscout.com/tx/0xc93cdf33aadd862865a44e5e762ec3098cebb4fb0b2ff670e6b4d1938376d082
native_transaction,2024-12-12T09:21:11.000000Z,0xdaa8e9cb813c85321ef5c3723c07a11acafec9e5131c4a7b2035606b5e77ea73,21385495,,ok,0x677878F16c6c7D6fA72510F7fbE355D1eaE276D0,0x64d624080e852849159fAa2F2010e576e44C72c1,ETH,,native,,0.27157008,271570080000000000,18,0.000315123518199,315123518199000,,,https://eth.blockscout.com/tx/0xdaa8e9cb813c85321ef5c3723c07a11acafec9e5131c4a7b2035606b5e77ea73
native_transaction,2025-01-29T13:12:35.000000Z,0x372db83d67d05420abe8e7677244d369b6b8c68873c13ab6215ef27a7572862e,21730406,,ok,0x677878F16c6c7D6fA72510F7fbE355D1eaE276D0,0x21861f96aaDB13C352f12404fFDF372Ac33dD34A,ETH,,native,,0.34338024,343380240000000000,18,0.000064119191178,64119191178000,,,https://eth.blockscout.com/tx/0x372db83d67d05420abe8e7677244d369b6b8c68873c13ab6215ef27a7572862e
native_transaction,2025-05-27T08:13:59.000000Z,0xdaafb203b5f97fa2841d30c392212f56b9df73c8d3cb99de0c484e141d1a4eb1,22572861,,ok,0x677878F16c6c7D6fA72510F7fbE355D1eaE276D0,0x36aE558390102c697dD73893FCCcc5dA5aBc183b,ETH,,native,,0.41326467,413264670000000000,18,0.000073159638342,73159638342000,,,https://eth.blockscout.com/tx/0xdaafb203b5f97fa2841d30c392212f56b9df73c8d3cb99de0c484e141d1a4eb1
native_transaction,2025-07-26T09:32:11.000000Z,0xca4afbef4f218f82e04e3a1b5835ffff8289bbc14bc3779a3b8cdd52995f6eb6,23002445,,ok,0x677878F16c6c7D6fA72510F7fbE355D1eaE276D0,0x1F573D6Fb3F13d689FF844B4cE37794d79a7FF1C,ETH,,native,,0,0,18,0.00011231443899744,112314438997440,transfer,,https://eth.blockscout.com/tx/0xca4afbef4f218f82e04e3a1b5835ffff8289bbc14bc3779a3b8cdd52995f6eb6
token_transfer,2025-07-26T09:32:11.000000Z,0xca4afbef4f218f82e04e3a1b5835ffff8289bbc14bc3779a3b8cdd52995f6eb6,23002445,259,ok,0x677878F16c6c7D6fA72510F7fbE355D1eaE276D0,0x5F9111d50a62d3aC2D123A02d98144bCf2F5c8Da,BNT,Bancor Network,ERC-20,ok,100,100000000000000000000,18,,,0xa9059cbb,0x1F573D6Fb3F13d689FF844B4cE37794d79a7FF1C,https://eth.blockscout.com/tx/0xca4afbef4f218f82e04e3a1b5835ffff8289bbc14bc3779a3b8cdd52995f6eb6
native_transaction,2025-07-26T09:33:47.000000Z,0x94ff8355587b19a40729a35e3854c85d4d2cdbf73edb2c2dff849e4da7bcd10b,23002453,,ok,0xEbA88149813BEc1cCcccFDb0daCEFaaa5DE94cB1,0x677878F16c6c7D6fA72510F7fbE355D1eaE276D0,ETH,,native,,0.01941936,19419360000000000,18,0.000021,21000000000000,,,https://eth.blockscout.com/tx/0x94ff8355587b19a40729a35e3854c85d4d2cdbf73edb2c2dff849e4da7bcd10b
native_transaction,2025-07-26T09:41:11.000000Z,0x3a982df158b1a6ef94538a8b0d45dd65b0d9e92423f257e110a64ae97c8f4a7c,23002489,,ok,0x31aeaB4FF2D0bB779f4a274b75D598d7c426E974,0x58b6A8A3302369DAEc383334672404Ee733aB239,ETH,,native,,0,0,18,0.000011366826724889,11366826724889,approve,,https://eth.blockscout.com/tx/0x3a982df158b1a6ef94538a8b0d45dd65b0d9e92423f257e110a64ae97c8f4a7c
native_transaction,2025-07-26T09:52:11.000000Z,0x0f3e7cd9bf4ff2bc63f57ec16d3285e43174f8e7d7d111133e05a0938a25b4b7,23002543,,ok,0x677878F16c6c7D6fA72510F7fbE355D1eaE276D0,0x58b6A8A3302369DAEc383334672404Ee733aB239,ETH,,native,,0,0,18,0.000012106251338987,12106251338987,approve,,https://eth.blockscout.com/tx/0x0f3e7cd9bf4ff2bc63f57ec16d3285e43174f8e7d7d111133e05a0938a25b4b7
token_transfer,2025-08-20T03:50:11.000000Z,0xa0bd98669911318db0549c09fa0fbea320a3ae47e6c23bb432b41e5a369b428e,23179711,856,ok,0x29903Cd0A47c868b97e9F4bA0564AF81bc2cD30f,0x677878F16c6c7D6fA72510F7fbE355D1eaE276D0,PCHS,Peaches.Finance,ERC-20,ok,102.852453,102852453000000000000,18,,,0x60806040,0xa4C6984E817c086Ddc3EBAEedBdcc01469586918,https://eth.blockscout.com/tx/0xa0bd98669911318db0549c09fa0fbea320a3ae47e6c23bb432b41e5a369b428e
native_transaction,2025-08-26T05:56:47.000000Z,0x87c2d35a6549d00914510f02208937ce8bbec7680a45c3554489991435c031f6,23223338,,ok,0x677878F16c6c7D6fA72510F7fbE355D1eaE276D0,0xefFdC5bFccdbaB2dE8aE47819FEbeE23ce87e6af,ETH,,native,,0.1225156,122515600000000000,18,0.00002544522057,25445220570000,,,https://eth.blockscout.com/tx/0x87c2d35a6549d00914510f02208937ce8bbec7680a45c3554489991435c031f6
token_transfer,2025-08-30T02:18:47.000000Z,0x37af92ef11ca76e954ca1c53757f3ecc556ae594deb0f89b654f8670f5bdcc44,23250917,655,ok,0xbeDa74fa9b87bbCe9BBcf870cBA3E3f7F877573B,0x677878F16c6c7D6fA72510F7fbE355D1eaE276D0,WETH,WETH,ERC-20,ok,0.0000001,100000000000,18,,,0x60806040,0xC02aaA39b223FE8D0A0e5C4F27eAD9083C756Cc2,https://eth.blockscout.com/tx/0x37af92ef11ca76e954ca1c53757f3ecc556ae594deb0f89b654f8670f5bdcc44
native_transaction,2025-11-12T08:42:47.000000Z,0x76eae7aa0ca15512585b2cd6bc63491461d957ce6f03030b40b93026d57cffca,23782026,,ok,0x677878F16c6c7D6fA72510F7fbE355D1eaE276D0,0xA151F3BbdCDE4752D07ea41F7c54F585ed48C225,ETH,,native,,0.15636768,156367680000000000,18,0.000045911212326,45911212326000,,,https://eth.blockscout.com/tx/0x76eae7aa0ca15512585b2cd6bc63491461d957ce6f03030b40b93026d57cffca
native_transaction,2025-11-12T09:10:23.000000Z,0x1bffe0c2c864beba175687f045c5cc153e4c4a73fbea9974b3b7d763d7b880ab,23782163,,ok,0x677878F16c6c7D6fA72510F7fbE355D1eaE276D0,0x1BDaD05a4b161d93186b90a9152e3b511f5aD52b,ETH,,native,,0.15644041,156440410000000000,18,0.000045540169857,45540169857000,,,https://eth.blockscout.com/tx/0x1bffe0c2c864beba175687f045c5cc153e4c4a73fbea9974b3b7d763d7b880ab
token_transfer,2026-02-25T03:57:23.000000Z,0xd5763e249ef3dd389a21f8fc8e45bb15119fc747d211282cb6c0765af6548f7a,24531382,454,ok,0x8F184D0BDE636b79310d642b56101E493EDfA1d3,0x677878F16c6c7D6fA72510F7fbE355D1eaE276D0,YF-DAI,YfDAI.finance,ERC-20,ok,0.001,1000000000000000,18,,,0xece8c31c,0xf4CD3d3Fda8d7Fd6C5a500203e38640A70Bf9577,https://eth.blockscout.com/tx/0xd5763e249ef3dd389a21f8fc8e45bb15119fc747d211282cb6c0765af6548f7a
token_transfer,2026-03-29T06:38:35.000000Z,0x5b504eaca40f04b7acedb5b0e01dce66fbe6c4fd4cb6ba93a7fa8bc5383f4c97,24761503,568,ok,0xD152f549545093347A162Dce210e7293f1452150,0x677878F16c6c7D6fA72510F7fbE355D1eaE276D0,HEX,HEX,ERC-20,ok,1,100000000,8,,,0xc73a2d60,0x2b591e99afE9f32eAA6214f7B7629768c40Eeb39,https://eth.blockscout.com/tx/0x5b504eaca40f04b7acedb5b0e01dce66fbe6c4fd4cb6ba93a7fa8bc5383f4c97
